Bigrama, Herrera (freq. relat.), P2 (freq. relat.),Pacheco (freq. relat.),Media,SD,Herrera (z-score),P2 (z-score),Pacheco (z-score),P2 vs Herrera,P2 vs Pacheco
DA NC,68.06,65.51,68.92,67.49666667,1.773424183,0.317652899,-1.120243361,0.802590461,1.43789626,1.922833822
NC SP,41.95,41.37,43.76,42.36,1.246635472,-0.328885235,-0.794137518,1.123022753,0.465252283,1.917160272
AQ NC,38.18,41.76,45.71,41.88333333,3.766514746,-0.983225497,-0.032744684,1.015970181,0.950480813,1.048714864
DP NC,39.61,41.1,28.53,36.41333333,6.867694907,0.46546428,0.682422083,-1.147886364,0.216957803,1.830308447
SP DA,37.83,36.54,48.54,40.97,6.58746537,-0.476662847,-0.672489304,1.149152151,0.195826456,1.821641455
VM SP,38.05,36.15,45.53,39.91,4.958911171,-0.375082339,-0.758230965,1.133313303,0.383148626,1.891544268
NC VM,29.4,28.46,29.23,29.03,0.500899191,0.738671586,-1.137953524,0.399281938,1.876625109,1.537235462
NC CC,27.65,26.69,25.51,26.61666667,1.071883078,0.964035494,0.068415422,-1.032450917,0.895620072,1.100866339
NC AQ,23.84,27.05,29.41,26.76666667,2.795788499,-1.046812614,0.101342907,0.945469707,1.148155521,0.8441268
SP DP,22.95,24.98,19.49,22.47333333,2.775866231,0.171718169,0.90302142,-1.074739589,0.731303251,1.97776101
SP NC,21.85,21.47,27.46,23.59333333,3.354017492,-0.51977467,-0.633071634,1.152846303,0.113296964,1.785917937
VM DA,19.44,19.37,18.25,19.02,0.667757441,0.628970902,0.524142418,-1.15311332,0.104828484,1.677255739
DA AQ,16.73,18.98,25.51,20.40666667,4.560551867,-0.806188982,-0.312827638,1.119016619,0.493361344,1.431844257
PP VM,18.19,16.22,10.28,14.89666667,4.117697577,0.799799711,0.32137701,-1.121176721,0.478422702,1.44255373
VM VM,16.78,16.76,13.82,15.78666667,1.703212651,0.583211575,0.571469061,-1.154680636,0.011742515,1.726149697
VM CC,13.47,15.02,9.22,12.57,3.00291525,0.299708758,0.815873841,-1.115582599,0.516165083,1.93145644
CC VM,12.58,14.99,9.93,12.5,2.530948439,0.031608704,0.983820911,-1.015429615,0.952212207,1.999250527
AQ CC,12.74,12.31,10.28,11.77666667,1.313861992,0.733207399,0.405927972,-1.13913537,0.327279427,1.545063342
NC PR,13.64,8.11,7.45,9.733333333,3.399328365,1.14924663,-0.477545315,-0.671701315,1.626791944,0.194156001
RG VM,11.48,10.96,6.03,9.49,3.007706768,0.661633648,0.488744453,-1.150378101,0.172889194,1.639122554
PR VM,12.1,9.16,8.33,9.863333333,1.980967777,1.129077763,-0.355045318,-0.774032446,1.484123081,0.418987128
AQ SP,9.93,11.17,12.23,11.11,1.151173314,-1.025041134,0.052120736,0.972920399,1.07716187,0.920799663
CC SP,10,9.91,10.99,10.3,0.599249531,-0.500626174,-0.650814027,1.151440201,0.150187852,1.802254228
RN VM,10.33,10.12,5.67,8.706666667,2.631925784,0.616785376,0.536995892,-1.153781267,0.079789484,1.690777159
VM NC,10.64,9.19,8.33,9.386666667,1.167490186,1.07352794,-0.168452522,-0.905075417,1.241980462,0.736622895
NC CS,8.01,11.38,8.86,9.416666667,1.752607581,-0.802613592,1.120235559,-0.317621967,1.922849151,1.437857526
CC AQ,8.72,9.79,8.51,9.006666667,0.686464371,-0.417598755,1.141112876,-0.723514121,1.558711631,1.864626998
VM RG,9.71,8.41,5.85,7.99,1.96397556,0.875774646,0.213851948,-1.089626594,0.661922697,1.303478542
CC NC,8.79,8.38,10.99,9.386666667,1.403578759,-0.425103802,-0.717214235,1.142318037,0.292110434,1.859532273
VM CS,8.77,7.78,9.75,8.766666667,0.98500423,0.00338408,-1.001687746,0.998303665,1.005071826,1.999991411
SP AQ,7.4,9.22,9.93,8.85,1.304952106,-1.11115189,0.28353531,0.82761658,1.3946872,0.544081271
VM DP,8.08,8.89,5.32,7.43,1.87165702,0.347285851,0.780057449,-1.127343299,0.432771598,1.907400748
CS VM,6.82,9.97,6.56,7.783333333,1.898165781,-0.507507481,1.151989298,-0.644481818,1.659496779,1.796471116
DI NC,7.29,7.15,8.33,7.59,0.644670458,-0.465354036,-0.682519253,1.14787329,0.217165217,1.830392543
DD NC,7.49,7.27,4.43,6.396666667,1.70673177,0.640600563,0.511699231,-1.152299794,0.128901333,1.663999025
NC RG,6.89,7.63,5.67,6.73,0.989747443,0.161657402,0.909322885,-1.070980287,0.747665483,1.980303172
AQ VM,5.92,8.44,8.15,7.503333333,1.37885218,-1.148298097,0.679308979,0.468989117,1.827607076,0.210319862
P0 VM,6.96,6.97,6.56,6.83,0.233880311,0.555839862,0.598596775,-1.154436637,0.042756912,1.753033412
RG AQ,6.82,6.01,6.03,6.286666667,0.461988456,1.154430001,-0.598860563,-0.555569438,1.753290563,0.043291125
CS SP,6.07,6.61,7.27,6.65,0.600999168,-0.965059572,-0.066555833,1.031615405,0.89850374,1.098171237
SP PP,6.93,5.65,4.97,5.85,0.995188424,1.085221626,-0.200966968,-0.884254658,1.286188594,0.68328769
CC DA,6.12,6.43,6.74,6.43,0.31,-1,0,1,1,1
VM PP,6.93,5.44,2.31,4.893333333,2.358014702,0.863720937,0.231833443,-1.095554379,0.631887494,1.327387822
VM AQ,5.46,6.88,3.73,5.356666667,1.577540279,0.065502818,0.965638312,-1.03114113,0.900135495,1.996779443
SP VM,6.03,4.81,7.45,6.096666667,1.321262023,-0.05045681,-0.97381643,1.02427324,0.92335962,1.99808967
NP VM,5.63,5.11,8.33,6.356666667,1.728621802,-0.420373425,-0.721191105,1.141564529,0.30081768,1.862755634
DP AQ,5.21,6.04,4.97,5.406666667,0.561456439,-0.350279475,1.128018647,-0.777739173,1.478298122,1.90575782
SP DD,5.54,5.59,2.66,4.596666667,1.677388844,0.562382024,0.592190259,-1.154572283,0.029808234,1.746762542
SP NP,5.52,4.18,9.39,6.363333333,2.705445127,-0.311717035,-0.807014458,1.118731493,0.495297423,1.925745952
DA NP,3.67,6.13,11.17,6.99,3.823244695,-0.868372355,-0.224939827,1.093312182,0.643432528,1.318252009
CS DA,4.48,5.32,5.32,5.04,0.484974226,-1.154700538,0.577350269,0.577350269,1.732050808,0
AQ NP,3.56,6.13,7.8,5.83,2.135860482,-1.062803502,0.140458613,0.922344889,1.203262114,0.781886277
RG SP,4.44,4.69,4.26,4.463333333,0.215947524,-0.108050941,1.049637717,-0.941586776,1.157688659,1.991224493
SP DI,4.57,4.3,4.97,4.613333333,0.337095437,-0.128549154,-0.929509271,1.058058425,0.800960116,1.987567696
NC DA,3.8,4.39,6.74,4.976666667,1.555324189,-0.756541096,-0.37719896,1.133740056,0.379342136,1.510939016
NP SP,4.18,3.67,6.21,4.686666667,1.343664145,-0.377078356,-0.756637491,1.133715847,0.379559135,1.890353337
NP AQ,3.01,4.63,6.03,4.556666667,1.511334951,-1.02337782,0.048522224,0.974855595,1.071900044,0.926333371
SP PR,3.93,3.61,3.73,3.756666667,0.161658075,1.072221928,-0.907264709,-0.16495722,1.979486637,0.742307489
NC PP,3.71,4.18,1.78,3.223333333,1.271862152,0.382641048,0.75217795,-1.134818998,0.369536902,1.886996949
CC RG,4.22,3.49,1.25,2.986666667,1.547654139,0.796905008,0.325223395,-1.122128403,0.471681613,1.447351798
NC RN,3.6,3.52,3.37,3.496666667,0.116761866,0.884992138,0.199836934,-1.084829072,0.685155203,1.284666006
AQ CS,3.05,3.88,4.43,3.786666667,0.694718168,-1.060382037,0.134347045,0.926034992,1.194729083,0.791687946
PR SP,3.71,2.59,3.19,3.163333333,0.560475988,0.97536144,-1.022940046,0.047578607,1.998301486,1.070518653
NC AP,3.69,2.68,0.89,2.42,1.417991537,0.89563299,0.183357935,-1.078990925,0.712275055,1.26234886
NP CC,2.48,3.4,5.67,3.85,1.641919608,-0.834389207,-0.274069448,1.108458655,0.560319759,1.382528102
PR PP,3.2,2.5,1.95,2.55,0.626498204,1.03751295,-0.079808688,-0.957704261,1.117321638,0.877895573
NC NC,2.87,2.35,4.97,3.396666667,1.387131332,-0.379680463,-0.754554844,1.134235307,0.374874381,1.888790152
VM NP,2.96,2.53,2.84,2.776666667,0.221885857,0.826250651,-1.111682694,0.285432043,1.937933344,1.397114737
NC NP,2.65,2.71,3.19,2.85,0.295972972,-0.675737378,-0.473016165,1.148753543,0.202721214,1.621769708
PP SP,2.98,2.53,1.07,2.193333333,0.998515565,0.787836158,0.337167169,-1.125003328,0.450668989,1.462170497
CS PP,3.03,2.2,2.13,2.453333333,0.500632933,1.151875214,-0.506026106,-0.645849109,1.65790132,0.139823003
NC DP,2.54,2.74,2.31,2.53,0.215174348,0.046473941,0.975952766,-1.022426707,0.929478825,1.998379473
RG DA,2.54,2.62,3.02,2.726666667,0.25716402,-0.725866186,-0.414780678,1.140646864,0.311085508,1.555427542
CC CS,2.39,2.86,2.84,2.696666667,0.265769324,-1.153882858,0.614568044,0.539314814,1.768450902,0.07525323
SP RG,2.76,2.32,2.84,2.64,0.28,0.428571429,-1.142857143,0.714285714,1.571428571,1.857142857
CC DP,2.45,2.65,1.42,2.173333333,0.660025252,0.419175881,0.722194591,-1.141370472,0.303018709,1.863565062
CC PP,2.96,1.9,1.25,2.036666667,0.863153134,1.069721347,-0.158334207,-0.91138714,1.228055553,0.753052934
VM DI,2.52,2.35,2.13,2.333333333,0.195533458,0.954653328,0.085236904,-1.039890232,0.869416423,1.125127136
AQ DA,2.23,2.71,2.13,2.356666667,0.310053759,-0.408531305,1.139587324,-0.731056019,1.548118629,1.870643344
NC VS,2.3,2.35,3.19,2.613333333,0.500033332,-0.626624893,-0.526631559,1.153256452,0.099993334,1.679888011
NC P0,2.34,2.41,2.31,2.353333333,0.051316014,-0.259827921,1.104268664,-0.844440743,1.364096585,1.948709407
VS AQ,2.37,2.05,2.84,2.42,0.39736633,-0.125828477,-0.931130728,1.056959205,0.805302252,1.988089933
DA VM,2.43,2.02,1.95,2.133333333,0.259293913,1.144132784,-0.437084434,-0.70704835,1.581217219,0.269963915
NP DA,1.77,2.32,5.32,3.136666667,1.910715398,-0.715264381,-0.427414081,1.142678462,0.2878503,1.570092544
CS RG,2.21,2.14,2.31,2.22,0.085440037,-0.117041147,-0.936329178,1.053370325,0.81928803,1.989699502
RG NC,2.23,2.32,0.89,1.813333333,0.800895332,0.520251086,0.632625321,-1.152876407,0.112374235,1.785501728
AQ AQ,2.15,2.26,1.42,1.943333333,0.456544996,0.452675352,0.693615458,-1.14629081,0.240940107,1.839906269
RG RG,2.15,2.32,0.89,1.786666667,0.78117433,0.465111716,0.682732795,-1.147844511,0.217621078,1.830577306
DA PR,2.45,1.39,3.9,2.58,1.260039682,-0.103171354,-0.944414701,1.047586055,0.841243348,1.992000757
VM PR,2.15,2.14,1.78,2.023333333,0.210792157,0.600907874,0.553467778,-1.154375652,0.047440095,1.70784343
CS RN,1.95,2.29,1.95,2.063333333,0.196299092,-0.577350269,1.154700538,-0.577350269,1.732050808,1.732050808
CS DP,1.86,2.44,1.25,1.85,0.595063022,0.016804943,0.991491621,-1.008296563,0.974686678,1.999788184
PR RG,2.37,1.69,1.25,1.77,0.564269439,1.063321808,-0.141776241,-0.921545567,1.205098049,0.779769326
VM P0,2.19,1.81,1.6,1.866666667,0.299054064,1.081186889,-0.189486362,-0.891700527,1.270673251,0.702214165
DI AQ,1.97,2.02,1.95,1.98,0.036055513,-0.277350098,1.109400392,-0.832050294,1.386750491,1.941450687
VS SP,1.75,2.05,2.66,2.153333333,0.463716868,-0.869783615,-0.222837124,1.092620739,0.64694649,1.315457864
AQ PR,2.19,1.54,1.78,1.836666667,0.328684246,1.074993213,-0.902588641,-0.172404572,1.977581854,0.730184069
DD AQ,1.75,2.26,0.54,1.516666667,0.883421379,0.264124617,0.841425565,-1.105550182,0.577300948,1.946975747
AQ RG,1.64,2.23,1.42,1.763333333,0.418847625,-0.294458714,1.114168109,-0.819709394,1.408626823,1.933877503
RG CS,1.86,1.75,1.95,1.853333333,0.100166528,0.066555833,-1.031615405,0.965059572,1.098171237,1.996674977
CC RN,1.68,1.96,1.25,1.63,0.357631095,0.139808872,0.922738556,-1.062547428,0.782929684,1.985285984
RN PP,2.04,1.42,1.42,1.626666667,0.357957167,1.154700538,-0.577350269,-0.577350269,1.732050808,0
DP NP,1.4,1.99,2.31,1.9,0.461627556,-1.08312425,0.194962365,0.888161885,1.278086615,0.69319952
VM DD,1.66,1.9,0.71,1.423333333,0.629311793,0.376072194,0.757441179,-1.133513373,0.381368985,1.890954551
RG PP,2.1,1.18,1.25,1.51,0.512152321,1.152001027,-0.644339558,-0.50766147,1.796340585,0.136678088
PT VM,1.77,1.57,1.25,1.53,0.262297541,0.914991422,0.15249857,-1.067489992,0.762492852,1.219988563
VS NC,1.62,1.45,2.31,1.793333333,0.455448497,-0.380577243,-0.753835693,1.134412936,0.37325845,1.888248629
VM VS,1.75,1.33,1.6,1.56,0.212837967,0.892697873,-1.080634267,0.187936394,1.97333214,1.268570661
VM RN,1.75,1.51,0.54,1.266666667,0.640650711,0.754441266,0.379822155,-1.134263421,0.374619111,1.514085575
PP NC,1.86,1.12,0.89,1.29,0.506853036,1.124586339,-0.335402943,-0.789183396,1.459989282,0.453780453
VS VM,1.81,0.85,2.31,1.656666667,0.741979335,0.206654453,-1.087182121,0.880527668,1.293836573,1.967709788
RN VS,1.31,1.33,1.95,1.53,0.363868108,-0.604614681,-0.54964971,1.154264391,0.054964971,1.703914101
PR DA,1.51,1.12,1.6,1.41,0.255147016,0.391930901,-1.136599612,0.744668712,1.528530513,1.881268324
AQ PP,1.04,1.66,1.25,1.316666667,0.315330514,-0.877386279,1.088804659,-0.21141838,1.966190938,1.30022304
NP PR,1.15,1.57,0.89,1.203333333,0.343122913,-0.155435068,1.068616093,-0.913181025,1.224051161,1.981797118
VS DA,1.31,1.33,0.54,1.06,0.450444225,0.55500767,0.599408284,-1.154415954,0.044400614,1.753824238
VS RG,1.28,1.09,1.78,1.383333333,0.356417358,-0.28992228,-0.823005183,1.112927464,0.533082903,1.935932647
NP NC,1,1.51,1.42,1.31,0.272213152,-1.138813455,0.734718358,0.404095097,1.873531814,0.330623261
CC NP,1.2,1.18,1.6,1.326666667,0.236924742,-0.534628277,-0.619043269,1.153671546,0.084414991,1.772714815
PP AQ,1.28,1.15,0.89,1.106666667,0.19857828,0.872871561,0.21821789,-1.091089451,0.654653671,1.309307341
RG DP,1.42,0.94,0.89,1.083333333,0.292631737,1.150478996,-0.489807889,-0.660671107,1.640286885,0.170863217
PR RN,1.51,0.82,0.71,1.013333333,0.433628105,1.145374714,-0.44585056,-0.699524154,1.591225274,0.253673594
CS CS,1.31,1.06,0.89,1.086666667,0.211266025,1.05711902,-0.126223167,-0.930895853,1.183342187,0.804672687
PR NC,1.09,1.09,1.42,1.2,0.190525589,-0.577350269,-0.577350269,1.154700538,0,1.732050808
CS VS,1.22,0.91,1.07,1.066666667,0.155026879,0.989075791,-1.010577438,0.021501648,1.999653229,1.032079086
RG CC,0.93,1.39,0.36,0.893333333,0.515978036,0.071062456,0.962573273,-1.033635729,0.891510817,1.996209003
PP DA,1.09,1.03,0.89,1.003333333,0.102632029,0.844440743,0.259827921,-1.104268664,0.584612822,1.364096585
CS NC,0.91,1.18,1.07,1.053333333,0.135769412,-1.055711525,0.932954371,0.122757154,1.988665895,0.810197217
DA RG,0.87,1.36,0.18,0.803333333,0.592818128,0.1124572,0.939017618,-1.051474817,0.826560418,1.990492435
VA VM,1.31,0.58,1.07,0.986666667,0.372066302,0.86902074,-1.092995157,0.223974417,1.962015897,1.316969575
AQ DP,0.84,1.03,2.13,1.333333333,0.696443345,-0.708361041,-0.435546316,1.143907357,0.272814725,1.579453673
PP RG,1.02,0.97,0.54,0.843333333,0.263881286,0.669492972,0.480013829,-1.149506801,0.189479143,1.62952063
NP CS,0.76,0.94,2.49,1.396666667,0.951122144,-0.669384758,-0.480134617,1.149519376,0.189250141,1.629653993
SP PT,1.02,0.91,0.36,0.763333333,0.353600528,0.725866186,0.414780678,-1.140646864,0.311085508,1.555427542
DP VM,0.89,0.97,0.89,0.916666667,0.046188022,-0.577350269,1.154700538,-0.577350269,1.732050808,1.732050808
SP CS,0.95,0.91,0.71,0.856666667,0.12858201,0.725866186,0.414780678,-1.140646864,0.311085508,1.555427542
PP CS,0.82,1.18,0.18,0.726666667,0.506491198,0.184274344,0.895046815,-1.079321159,0.710772471,1.974367974
CC VS,0.91,0.91,0.71,0.843333333,0.115470054,0.577350269,0.577350269,-1.154700538,0,1.732050808
RG RN,0.82,1.03,0.54,0.796666667,0.245831921,0.0949158,0.949157996,-1.044073795,0.854242196,1.993231791
CS NP,0.76,1,1.25,1.003333333,0.245017006,-0.993128343,-0.013604498,1.006732841,0.979523845,1.020337338
AQ VS,1.06,0.67,0.71,0.813333333,0.214553801,1.149672791,-0.668053108,-0.481619683,1.817725899,0.186433426
NP PP,0.89,0.82,0.89,0.866666667,0.040414519,0.577350269,-1.154700538,0.577350269,1.732050808,1.732050808
AQ RN,0.87,0.76,0.89,0.84,0.07,0.428571429,-1.142857143,0.714285714,1.571428571,1.857142857
PP PP,1.09,0.55,0.18,0.606666667,0.457638868,1.056145724,-0.123823981,-0.932321742,1.179969705,0.808497761
CC PR,0.87,0.85,0.18,0.633333333,0.392725519,0.602626148,0.551699994,-1.154326142,0.050926153,1.706026136
RN P0,0.8,0.82,0.71,0.776666667,0.058594653,0.398216087,0.739544161,-1.137760248,0.341328074,1.877304409
PI VM,0.95,0.61,0.54,0.7,0.219317122,1.139901881,-0.410364677,-0.729537204,1.550266559,0.319172527
NC DI,0.82,0.76,0.71,0.763333333,0.055075705,1.028886806,-0.060522753,-0.968364052,1.089409559,0.907841299
Z NC,0.89,0.64,0.89,0.806666667,0.144337567,0.577350269,-1.154700538,0.577350269,1.732050808,1.732050808
NP DP,0.73,0.79,0.71,0.743333333,0.04163332,-0.320256308,1.120897077,-0.800640769,1.441153384,1.921537846
PR VS,0.78,0.64,1.07,0.83,0.219317122,-0.227980376,-0.86632543,1.094305806,0.638345054,1.960631236
NP RG,0.82,0.67,0.54,0.676666667,0.140118997,1.022940046,-0.047578607,-0.97536144,1.070518653,0.927782833
CS AQ,0.42,0.82,2.84,1.36,1.297227813,-0.724622144,-0.416272296,1.14089444,0.308349849,1.557166736
CC DI,0.73,0.7,1.07,0.833333333,0.205507502,-0.502820249,-0.648800322,1.151620571,0.145980072,1.800420893
PR P0,0.76,0.67,0.71,0.713333333,0.045092498,1.034909779,-0.960987652,-0.073922127,1.995897432,0.887065525
I AQ,0.67,0.79,0.71,0.723333333,0.061101009,-0.872871561,1.091089451,-0.21821789,1.963961012,1.309307341
VS DP,0.76,0.64,0.71,0.703333333,0.060277138,0.940102148,-1.050702401,0.110600253,1.990804549,1.161302654
CS P0,0.67,0.79,0.18,0.546666667,0.323161466,0.381646162,0.752977563,-1.134623725,0.371331401,1.887601288
DI DA,0.67,0.73,0.18,0.526666667,0.301717307,0.475058374,0.673920019,-1.148978393,0.198861645,1.822898413
PR NP,0.76,0.58,0.18,0.506666667,0.296872588,0.853340267,0.247019551,-1.100359818,0.606320716,1.347379369
RG VS,0.58,0.64,1.07,0.763333333,0.26727015,-0.685947656,-0.461455696,1.147403352,0.22449196,1.608859049
PP CC,0.71,0.55,0.36,0.54,0.175214155,0.970241247,0.057073015,-1.027314262,0.913168233,1.084387277
PI SP,0.56,0.61,1.07,0.746666667,0.281128678,-0.663990128,-0.48613563,1.150125758,0.177854499,1.636261388
PP DP,0.69,0.49,0.71,0.63,0.121655251,0.493196962,-1.150792911,0.657595949,1.643989873,1.80838886
RG P0,0.64,0.55,0.54,0.576666667,0.055075705,1.149932312,-0.484182026,-0.665750286,1.634114338,0.18156826
VS CS,0.69,0.43,0.71,0.61,0.156204994,0.51214752,-1.152331919,0.6401844,1.664479439,1.792516319
P0 SP,0.53,0.7,0.36,0.53,0.17,6.53072E-16,1,-1,1,2
PR AQ,0.42,0.76,0.89,0.69,0.242693222,-1.112515619,0.288429975,0.824085643,1.400945594,0.535655668
NC PT,0.62,0.37,1.42,0.803333333,0.548482756,-0.334255419,-0.790058263,1.124313682,0.455802844,1.914371945
I NC,0.64,0.37,1.25,0.753333333,0.450814078,-0.251397059,-0.850313581,1.101710639,0.598916522,1.95202422
AP CC,0.49,0.76,0.18,0.476666667,0.290229794,0.045940608,0.97623793,-1.022178538,0.930297322,1.998416468
PP VS,0.58,0.58,0.18,0.446666667,0.230940108,0.577350269,0.577350269,-1.154700538,0,1.732050808
CS DI,0.62,0.46,0.54,0.54,0.08,1,-1,0,2,1
PP RN,0.67,0.43,0.18,0.426666667,0.245017006,0.993128343,0.013604498,-1.006732841,0.979523845,1.020337338
VM I,0.49,0.55,0.71,0.583333333,0.113724814,-0.820694534,-0.293105191,1.113799725,0.527589344,1.406904916
SP PD,0.49,0.52,0.71,0.573333333,0.119303534,-0.698498445,-0.447039005,1.14553745,0.25145944,1.592576455
SP PI,0.53,0.4,1.07,0.666666667,0.355293306,-0.384658715,-0.750553591,1.135212306,0.365894876,1.885765897
AP SP,0.62,0.31,0.36,0.43,0.16643317,1.141599359,-0.721010122,-0.420589238,1.862609481,0.300420884
DT NC,0.47,0.55,0.18,0.4,0.194679223,0.359565848,0.770498245,-1.130064093,0.410932398,1.900562339
VM PT,0.47,0.46,0.71,0.546666667,0.141539158,-0.541664,-0.612315826,1.153979826,0.070651826,1.766295653
RG PR,0.53,0.43,0.36,0.44,0.085440037,1.053370325,-0.117041147,-0.936329178,1.170411472,0.81928803
CC CC,0.42,0.46,1.07,0.65,0.364280112,-0.631382259,-0.521576649,1.152958908,0.10980561,1.674535556
NC I,0.47,0.43,0.71,0.536666667,0.151437556,-0.440225453,-0.704360725,1.144586178,0.264135272,1.848946903
VM PI,0.4,0.52,0.71,0.543333333,0.156311655,-0.916971507,-0.149274431,1.066245938,0.767697075,1.215520369
PP NP,0.56,0.4,0.18,0.38,0.19078784,0.943456353,0.104828484,-1.048284837,0.838627869,1.15311332
DD DP,0.45,0.58,0,0.343333333,0.304357246,0.350465343,0.77759498,-1.128060322,0.427129637,1.905655302
AQ P0,0.4,0.46,0.89,0.583333333,0.26727015,-0.685947656,-0.461455696,1.147403352,0.22449196,1.608859049
PP PR,0.49,0.46,0.18,0.376666667,0.170977581,0.662854934,0.487393333,-1.150248267,0.1754616,1.6376416
NP VS,0.45,0.43,0.71,0.53,0.156204994,-0.51214752,-0.6401844,1.152331919,0.12803688,1.792516319
RG NP,0.45,0.37,1.07,0.63,0.383144881,-0.469796176,-0.678594476,1.148390652,0.2087983,1.826985128
NP NP,0.31,0.58,0.71,0.533333333,0.204042479,-1.094543323,0.228710545,0.865832778,1.323253869,0.637122233
CC P0,0.36,0.61,0.18,0.383333333,0.215947524,-0.108050941,1.049637717,-0.941586776,1.157688659,1.991224493
P0 PP,0.42,0.43,0.54,0.463333333,0.066583281,-0.650814027,-0.500626174,1.151440201,0.150187852,1.652066375
DA AP,0.4,0.52,0.18,0.366666667,0.172433562,0.193311168,0.889231374,-1.082542542,0.695920206,1.971773916
NC PI,0.38,0.55,0,0.31,0.281602557,0.248577288,0.852264989,-1.100842278,0.603687701,1.953107267
CC I,0.42,0.43,0.36,0.403333333,0.037859389,0.440225453,0.704360725,-1.144586178,0.264135272,1.848946903
NP AP,0.45,0.46,0,0.303333333,0.262741952,0.558215639,0.596275796,-1.154491436,0.038060157,1.750767232
PT PP,0.4,0.46,0.18,0.346666667,0.147422296,0.361772505,0.768766574,-1.130539079,0.406994068,1.899305653
DI DP,0.56,0.25,0,0.27,0.280535203,1.033738358,-0.071292301,-0.962446058,1.105030659,0.891153757
NC DD,0.42,0.34,0.36,0.373333333,0.04163332,1.120897077,-0.800640769,-0.320256308,1.921537846,0.480384461
SP Z,0.4,0.34,0.36,0.366666667,0.030550505,1.091089451,-0.872871561,-0.21821789,1.963961012,0.654653671
RN SP,0.23,0.46,0.89,0.526666667,0.335012438,-0.885539262,-0.198997587,1.084536849,0.686541675,1.283534436
SP RN,0.42,0.25,0.54,0.403333333,0.14571662,0.114377253,-1.052270725,0.937893472,1.166647978,1.990164197
SP VS,0.47,0.19,0.54,0.4,0.185202592,0.377964473,-1.133893419,0.755928946,1.511857892,1.889822365
AP VM,0.36,0.34,0.36,0.353333333,0.011547005,0.577350269,-1.154700538,0.577350269,1.732050808,1.732050808
RG DI,0.27,0.4,0.54,0.403333333,0.135030861,-0.987428597,-0.024685715,1.012114312,0.962742882,1.036800027
PR DP,0.36,0.31,0.36,0.343333333,0.028867513,0.577350269,-1.154700538,0.577350269,1.732050808,1.732050808
NP P0,0.34,0.28,0.54,0.386666667,0.136137186,-0.342791475,-0.783523371,1.126314846,0.440731896,1.909838217
PD PR,0.29,0.34,0.54,0.39,0.132287566,-0.755928946,-0.377964473,1.133893419,0.377964473,1.511857892
DA SP,0.38,0.19,0.71,0.426666667,0.263122278,-0.177357337,-0.899455068,1.076812405,0.722097731,1.976267473
PD VM,0.36,0.31,0,0.223333333,0.195021366,0.700777916,0.444395752,-1.145173667,0.256382164,1.589569419
AO NC,0.18,0.49,0.36,0.343333333,0.155670592,-1.049224075,0.942160394,0.107063681,1.991384469,0.835096713
P0 DA,0.42,0.16,0.36,0.313333333,0.136137186,0.783523371,-1.126314846,0.342791475,1.909838217,1.469106321
PD VS,0.27,0.34,0.36,0.323333333,0.047258156,-1.128552985,0.352672808,0.775880177,1.481225793,0.42320737
CC PT,0.4,0.19,0.18,0.256666667,0.124230968,1.153764927,-0.53663485,-0.617130077,1.690399776,0.080495227
CS PR,0.29,0.31,0.18,0.26,0.07,0.428571429,0.714285714,-1.142857143,0.285714286,1.857142857
PP P0,0.31,0.22,0.54,0.356666667,0.165025251,-0.282785007,-0.828156092,1.110941099,0.545371085,1.939097192
CC DD,0.27,0.28,0.36,0.303333333,0.049328829,-0.675737378,-0.473016165,1.148753543,0.202721214,1.621769708
VS DD,0.25,0.34,0,0.196666667,0.176162803,0.302750253,0.813641305,-1.116391558,0.510891052,1.930032863
RN AQ,0.34,0.19,0.18,0.236666667,0.089628864,1.152902405,-0.520665602,-0.632236803,1.673568007,0.1115712
CS DD,0.09,0.46,0.54,0.363333333,0.240069434,-1.138559492,0.402661284,0.735898208,1.541220776,0.333236925
CC PI,0.36,0.16,0.18,0.233333333,0.110151411,1.149932312,-0.665750286,-0.484182026,1.815682598,0.18156826
VM PD,0.2,0.34,0.36,0.3,0.087177979,-1.147078669,0.458831468,0.688247202,1.605910137,0.229415734
DA AO,0.12,0.31,1.07,0.5,0.502692749,-0.755928946,-0.377964473,1.133893419,0.377964473,1.511857892
CC PD,0.16,0.34,0.54,0.346666667,0.190087699,-0.982002873,-0.035071531,1.017074405,0.946931342,1.052145936
PI CC,0.14,0.34,0.71,0.396666667,0.289194283,-0.887523308,-0.195946704,1.083470012,0.691576603,1.279416716
DI VM,0.23,0.31,0.18,0.24,0.065574385,-0.15249857,1.067489992,-0.914991422,1.219988563,1.982481414
PP VA,0.34,0.13,0.18,0.216666667,0.109696551,1.124313682,-0.790058263,-0.334255419,1.914371945,0.455802844
NP RN,0.16,0.34,0.36,0.286666667,0.110151411,-1.149932312,0.484182026,0.665750286,1.634114338,0.18156826
DP RG,0.29,0.22,0,0.17,0.15132746,0.792982321,0.3304093,-1.123391621,0.46257302,1.453800921
I CS,0.29,0.16,0.36,0.27,0.101488916,0.197065856,-1.083862206,0.88679635,1.280928062,1.970658556
PD SP,0.2,0.28,0.18,0.22,0.052915026,-0.377964473,1.133893419,-0.755928946,1.511857892,1.889822365
PT DA,0.14,0.31,0.54,0.33,0.200748599,-0.946457415,-0.099627096,1.046084511,0.846830318,1.145711607
NC VA,0.25,0.25,0,0.166666667,0.144337567,0.577350269,0.577350269,-1.154700538,0,1.732050808
AP CS,0.2,0.31,0,0.17,0.157162336,0.190885429,0.890798668,-1.081684097,0.699913239,1.972482765
CS CC,0.14,0.25,0.89,0.426666667,0.405010288,-0.70780095,-0.436202911,1.144003861,0.271598039,1.580206773
DA PI,0.18,0.22,0.71,0.37,0.295127091,-0.64379044,-0.508255611,1.152046051,0.13553483,1.660301662
VS CC,0.29,0.13,0.18,0.2,0.081853528,1.099524999,-0.85518611,-0.244338889,1.95471111,0.610847222
DE NC,0.16,0.34,0,0.166666667,0.170098011,-0.03919309,1.019020342,-0.979827252,1.058213432,1.998847594
NC PD,0.2,0.25,0,0.15,0.132287566,0.377964473,0.755928946,-1.133893419,0.377964473,1.889822365
PI PP,0.31,0.1,0,0.136666667,0.158219257,1.095526148,-0.231745916,-0.863780232,1.327272064,0.632034316
PI RG,0.25,0.16,0.18,0.196666667,0.047258156,1.128552985,-0.775880177,-0.352672808,1.904433163,0.42320737
PT RN,0.18,0.22,0.36,0.253333333,0.094516313,-0.775880177,-0.352672808,1.128552985,0.42320737,1.481225793
PD CS,0.18,0.25,0.18,0.203333333,0.040414519,-0.577350269,1.154700538,-0.577350269,1.732050808,1.732050808
RN NC,0.27,0.16,0,0.143333333,0.135769412,0.932954371,0.122757154,-1.055711525,0.810197217,1.178468679
PT VS,0.29,0.1,0.18,0.19,0.09539392,1.048284837,-0.943456353,-0.104828484,1.99174119,0.838627869
NP DI,0.18,0.22,0.36,0.253333333,0.094516313,-0.775880177,-0.352672808,1.128552985,0.42320737,1.481225793
CS PI,0.16,0.28,0,0.146666667,0.140475383,0.0949158,0.949157996,-1.044073795,0.854242196,1.993231791
VM Z,0.27,0.1,0.18,0.183333333,0.085049005,1.019020342,-0.979827252,-0.03919309,1.998847594,0.940634162
AQ DI,0.16,0.25,0.18,0.196666667,0.047258156,-0.775880177,1.128552985,-0.352672808,1.904433163,1.481225793
DI CC,0.18,0.16,0.54,0.293333333,0.213853532,-0.529957733,-0.623479686,1.15343742,0.093521953,1.776917106
RN RG,0.18,0.19,0.36,0.243333333,0.101159939,-0.626071286,-0.527217925,1.153289211,0.098853361,1.680507136
AP AQ,0.23,0.19,0,0.14,0.122882057,0.732409613,0.406894229,-1.139303842,0.325515384,1.546198072
DI NP,0.09,0.19,0.89,0.39,0.435889894,-0.688247202,-0.458831468,1.147078669,0.229415734,1.605910137
I RG,0.2,0.1,0.54,0.28,0.230651252,-0.346843988,-0.780398973,1.12724296,0.433554985,1.907641933
PT SP,0.25,0.1,0.18,0.176666667,0.075055535,0.977054302,-1.021465861,0.044411559,1.998520163,1.06587742
VS PP,0.23,0.16,0,0.13,0.117898261,0.84818893,0.254456679,-1.102645609,0.593732251,1.357102287
PI VS,0.16,0.25,0,0.136666667,0.126622799,0.184274344,0.895046815,-1.079321159,0.710772471,1.974367974
RN DA,0.18,0.1,0.54,0.273333333,0.234378611,-0.398216087,-0.739544161,1.137760248,0.341328074,1.877304409
AQ PT,0.18,0.19,0,0.123333333,0.106926766,0.529957733,0.623479686,-1.15343742,0.093521953,1.776917106
VS DI,0.23,0.1,0,0.11,0.115325626,1.040531963,-0.086710997,-0.953820966,1.12724296,0.86710997
CS PD,0.16,0.19,0,0.116666667,0.10214369,0.424238967,0.717942866,-1.142181833,0.2937039,1.8601247
I NP,0.2,0.1,0.18,0.16,0.052915026,0.755928946,-1.133893419,0.377964473,1.889822365,1.511857892
PI PR,0.14,0.19,0.18,0.17,0.026457513,-1.133893419,0.755928946,0.377964473,1.889822365,0.377964473
AQ DD,0.12,0.25,0,0.123333333,0.125033329,-0.026659558,1.013063219,-0.986403661,1.039722778,1.99946688
DD NP,0.14,0.16,0.36,0.22,0.121655251,-0.657595949,-0.493196962,1.150792911,0.164398987,1.643989873
VS PD,0.16,0.19,0,0.116666667,0.10214369,0.424238967,0.717942866,-1.142181833,0.2937039,1.8601247
VS NP,0.2,0.1,0.18,0.16,0.052915026,0.755928946,-1.133893419,0.377964473,1.889822365,1.511857892
AQ I,0.2,0.07,0.18,0.15,0.07,0.714285714,-1.142857143,0.428571429,1.857142857,1.571428571
DA DI,0.12,0.16,0.36,0.213333333,0.12858201,-0.725866186,-0.414780678,1.140646864,0.311085508,1.555427542
VS PR,0.12,0.22,0,0.113333333,0.110151411,0.060522753,0.968364052,-1.028886806,0.907841299,1.997250858
RG DD,0.07,0.28,0,0.116666667,0.14571662,-0.320256308,1.120897077,-0.800640769,1.441153384,1.921537846
AP PR,0.16,0.13,0,0.096666667,0.085049005,0.744668712,0.391930901,-1.136599612,0.352737811,1.528530513
AP RN,0.18,0.1,0,0.093333333,0.090184995,0.960987652,0.073922127,-1.034909779,0.887065525,1.108831906
AP RG,0.09,0.19,0.18,0.153333333,0.055075705,-1.149932312,0.665750286,0.484182026,1.815682598,0.18156826
PP I,0.12,0.13,0.36,0.203333333,0.135769412,-0.61378577,-0.540131478,1.153917248,0.073654292,1.694048726
PP DI,0.18,0.1,0,0.093333333,0.090184995,0.960987652,0.073922127,-1.034909779,0.887065525,1.108831906
DD PR,0.09,0.19,0.18,0.153333333,0.055075705,-1.149932312,0.665750286,0.484182026,1.815682598,0.18156826
PI AQ,0.16,0.13,0,0.096666667,0.085049005,0.744668712,0.391930901,-1.136599612,0.352737811,1.528530513
PD RG,0.16,0.13,0,0.096666667,0.085049005,0.744668712,0.391930901,-1.136599612,0.352737811,1.528530513
RN VA,0.18,0.1,0,0.093333333,0.090184995,0.960987652,0.073922127,-1.034909779,0.887065525,1.108831906
SP SP,0.12,0.07,0.71,0.3,0.355949435,-0.505689804,-0.646159195,1.151848999,0.14046939,1.798008194
NP DD,0.14,0.13,0.18,0.15,0.026457513,-0.377964473,-0.755928946,1.133893419,0.377964473,1.889822365
NC Z,0.16,0.07,0.18,0.136666667,0.058594653,0.398216087,-1.137760248,0.739544161,1.535976335,1.877304409
PT RG,0.16,0.04,0.36,0.186666667,0.161658075,-0.16495722,-0.907264709,1.072221928,0.742307489,1.979486637
Z AQ,0.16,0.1,0,0.086666667,0.080829038,0.907264709,0.16495722,-1.072221928,0.742307489,1.237179148
I I,0.18,0.04,0.18,0.133333333,0.080829038,0.577350269,-1.154700538,0.577350269,1.732050808,1.732050808
RG PI,0.18,0.07,0,0.083333333,0.090737717,1.06534162,-0.146943672,-0.918397948,1.212285291,0.771454276
PI CS,0.09,0.16,0.18,0.143333333,0.047258156,-1.128552985,0.352672808,0.775880177,1.481225793,0.42320737
P0 RG,0.14,0.07,0.18,0.13,0.055677644,0.179605302,-1.077631812,0.89802651,1.257237114,1.975658322
VS AP,0.12,0.13,0,0.083333333,0.072341781,0.506853245,0.645085949,-1.151939194,0.138232703,1.797025143
PP PI,0.18,0.04,0,0.073333333,0.094516313,1.128552985,-0.352672808,-0.775880177,1.481225793,0.42320737
PR VA,0.12,0.04,0.54,0.233333333,0.268576494,-0.421977856,-0.719844578,1.141822435,0.297866722,1.861667013
I PP,0.16,0.04,0.18,0.126666667,0.075718778,0.440225453,-1.144586178,0.704360725,1.584811631,1.848946903
I PT,0.12,0.13,0,0.083333333,0.072341781,0.506853245,0.645085949,-1.151939194,0.138232703,1.797025143
AQ AP,0.03,0.25,0,0.093333333,0.136503968,-0.463966976,1.147707783,-0.683740807,1.611674759,1.831448589
I VM,0.12,0.13,0,0.083333333,0.072341781,0.506853245,0.645085949,-1.151939194,0.138232703,1.797025143
PI P0,0.09,0.13,0.18,0.133333333,0.045092498,-0.960987652,-0.073922127,1.034909779,0.887065525,1.108831906
NC AO,0.09,0.16,0,0.083333333,0.080208063,0.083117163,0.95584738,-1.038964544,0.872730217,1.994811924
PD DP,0.03,0.25,0,0.093333333,0.136503968,-0.463966976,1.147707783,-0.683740807,1.611674759,1.831448589
PD PP,0.09,0.16,0,0.083333333,0.080208063,0.083117163,0.95584738,-1.038964544,0.872730217,1.994811924
DI SP,0.14,0.07,0,0.07,0.07,1,0,-1,1,1
RN CS,0.09,0.1,0.18,0.123333333,0.049328829,-0.675737378,-0.473016165,1.148753543,0.202721214,1.621769708
P0 VA,0.09,0.13,0,0.073333333,0.066583281,0.250313087,0.851064496,-1.101377584,0.600751409,1.95244208
DA CC,0.14,0.04,0.18,0.12,0.072111026,0.277350098,-1.109400392,0.832050294,1.386750491,1.941450687
NP I,0.09,0.13,0,0.073333333,0.066583281,0.250313087,0.851064496,-1.101377584,0.600751409,1.95244208
DA Z,0.09,0.04,0.54,0.223333333,0.275378527,-0.484182026,-0.665750286,1.149932312,0.18156826,1.815682598
SP DT,0.12,0.1,0,0.073333333,0.064291005,0.725866186,0.414780678,-1.140646864,0.311085508,1.555427542
DD VM,0.12,0.07,0.18,0.123333333,0.055075705,-0.060522753,-0.968364052,1.028886806,0.907841299,1.997250858
PP DD,0.07,0.1,0.36,0.176666667,0.159478316,-0.66884746,-0.480734112,1.149581571,0.188113348,1.630315683
PT AQ,0.07,0.16,0,0.076666667,0.080208063,-0.083117163,1.038964544,-0.95584738,1.122081707,1.994811924
I DP,0.07,0.16,0,0.076666667,0.080208063,-0.083117163,1.038964544,-0.95584738,1.122081707,1.994811924
DE AQ,0.05,0.19,0,0.08,0.098488578,-0.30460385,1.116880782,-0.812276932,1.421484631,1.929157714
Z VM,0.14,0,0.18,0.106666667,0.094516313,0.352672808,-1.128552985,0.775880177,1.481225793,1.904433163
AP PP,0.14,0.04,0,0.06,0.072111026,1.109400392,-0.277350098,-0.832050294,1.386750491,0.554700196
AQ PD,0.05,0.13,0.18,0.12,0.065574385,-1.067489992,0.15249857,0.914991422,1.219988563,0.762492852
CC Z,0.07,0.13,0,0.066666667,0.065064071,0.051231552,0.973399487,-1.024631039,0.922167935,1.998030526
PP PT,0.07,0.13,0,0.066666667,0.065064071,0.051231552,0.973399487,-1.024631039,0.922167935,1.998030526
RG VA,0.12,0.04,0.18,0.113333333,0.070237692,0.0949158,-1.044073795,0.949157996,1.138989595,1.993231791
I PR,0.05,0.16,0,0.07,0.081853528,-0.244338889,1.099524999,-0.85518611,1.343863888,1.95471111
I SP,0.12,0.07,0,0.063333333,0.060277138,0.940102148,0.110600253,-1.050702401,0.829501895,1.161302654
DD SP,0.05,0.1,0.36,0.17,0.16643317,-0.721010122,-0.420589238,1.141599359,0.300420884,1.562188597
DA RN,0.07,0.07,0.36,0.166666667,0.167431578,-0.577350269,-0.577350269,1.154700538,0,1.732050808
P0 NC,0.12,0.07,0,0.063333333,0.060277138,0.940102148,0.110600253,-1.050702401,0.829501895,1.161302654
AQ PI,0.05,0.13,0,0.06,0.065574385,-0.15249857,1.067489992,-0.914991422,1.219988563,1.982481414
DI RG,0.09,0.04,0.18,0.103333333,0.070945989,-0.187936394,-0.892697873,1.080634267,0.704761479,1.97333214
PT DP,0.09,0.04,0.18,0.103333333,0.070945989,-0.187936394,-0.892697873,1.080634267,0.704761479,1.97333214
NP VA,0.09,0.04,0.18,0.103333333,0.070945989,-0.187936394,-0.892697873,1.080634267,0.704761479,1.97333214
PT P0,0.09,0.07,0,0.053333333,0.047258156,0.775880177,0.352672808,-1.128552985,0.42320737,1.481225793
NC DT,0.07,0.1,0,0.056666667,0.051316014,0.259827921,0.844440743,-1.104268664,0.584612822,1.948709407
P0 CC,0.07,0.07,0.18,0.106666667,0.06350853,-0.577350269,-0.577350269,1.154700538,0,1.732050808
VS PI,0.07,0.1,0,0.056666667,0.051316014,0.259827921,0.844440743,-1.104268664,0.584612822,1.948709407
CS VA,0.09,0.07,0,0.053333333,0.047258156,0.775880177,0.352672808,-1.128552985,0.42320737,1.481225793
PR CC,0.12,0.04,0,0.053333333,0.061101009,1.091089451,-0.21821789,-0.872871561,1.309307341,0.654653671
PD NP,0.07,0.1,0,0.056666667,0.051316014,0.259827921,0.844440743,-1.104268664,0.584612822,1.948709407
AP VS,0.07,0.1,0,0.056666667,0.051316014,0.259827921,0.844440743,-1.104268664,0.584612822,1.948709407
PR PI,0.05,0.04,0.36,0.15,0.181934054,-0.54964971,-0.604614681,1.154264391,0.054964971,1.758879072
VM VA,0.05,0.07,0.18,0.1,0.07,-0.714285714,-0.428571429,1.142857143,0.285714286,1.571428571
VA VS,0.09,0.04,0,0.043333333,0.045092498,1.034909779,-0.073922127,-0.960987652,1.108831906,0.887065525
AP P0,0.12,0,0,0.04,0.069282032,1.154700538,-0.577350269,-0.577350269,1.732050808,0
AP NP,0.05,0.1,0,0.05,0.05,-1.38778E-16,1,-1,1,2
RG I,0.07,0.07,0,0.046666667,0.040414519,0.577350269,0.577350269,-1.154700538,0,1.732050808
AO NP,0,0.13,0.18,0.103333333,0.092915732,-1.112118805,0.286998401,0.825120404,1.399117207,0.538122003
PT NP,0.07,0.04,0.18,0.096666667,0.073711148,-0.361772505,-0.768766574,1.130539079,0.406994068,1.899305653
VM DT,0.05,0.1,0,0.05,0.05,-1.38778E-16,1,-1,1,2
VS RN,0.07,0.07,0,0.046666667,0.040414519,0.577350269,0.577350269,-1.154700538,0,1.732050808
PD DA,0.07,0.07,0,0.046666667,0.040414519,0.577350269,0.577350269,-1.154700538,0,1.732050808
RG PT,0.09,0,0.18,0.09,0.09,-1.54198E-16,-1,1,1,2
DP CC,0.03,0.1,0.18,0.103333333,0.075055535,-0.977054302,-0.044411559,1.021465861,0.932642743,1.06587742
DP AO,0.05,0.07,0.18,0.1,0.07,-0.714285714,-0.428571429,1.142857143,0.285714286,1.571428571
DD DA,0.03,0.1,0.18,0.103333333,0.075055535,-0.977054302,-0.044411559,1.021465861,0.932642743,1.06587742
PR CS,0.07,0.07,0,0.046666667,0.040414519,0.577350269,0.577350269,-1.154700538,0,1.732050808
PR DI,0.12,0,0,0.04,0.069282032,1.154700538,-0.577350269,-0.577350269,1.732050808,0
SP VA,0.09,0.04,0,0.043333333,0.045092498,1.034909779,-0.073922127,-0.960987652,1.108831906,0.887065525
SP AO,0.03,0.07,0.18,0.093333333,0.077674535,-0.815368043,-0.300398753,1.115766796,0.514969291,1.416165549
DA DP,0.07,0.04,0,0.036666667,0.035118846,0.949157996,0.0949158,-1.044073795,0.854242196,1.138989595
AP NC,0.03,0.1,0,0.043333333,0.051316014,-0.259827921,1.104268664,-0.844440743,1.364096585,1.948709407
NP PI,0.05,0.04,0.18,0.09,0.078102497,-0.51214752,-0.6401844,1.152331919,0.12803688,1.792516319
AP DP,0.05,0.07,0,0.04,0.036055513,0.277350098,0.832050294,-1.109400392,0.554700196,1.941450687
AO CC,0.03,0.07,0.18,0.093333333,0.077674535,-0.815368043,-0.300398753,1.115766796,0.514969291,1.416165549
DI CS,0.07,0.04,0,0.036666667,0.035118846,0.949157996,0.0949158,-1.044073795,0.854242196,1.138989595
PD CC,0.03,0.1,0,0.043333333,0.051316014,-0.259827921,1.104268664,-0.844440743,1.364096585,1.948709407
NC DE,0,0.13,0,0.043333333,0.075055535,-0.577350269,1.154700538,-0.577350269,1.732050808,1.732050808
RG PD,0.07,0.04,0,0.036666667,0.035118846,0.949157996,0.0949158,-1.044073795,0.854242196,1.138989595
VA PR,0.03,0.1,0,0.043333333,0.051316014,-0.259827921,1.104268664,-0.844440743,1.364096585,1.948709407
PD RN,0.07,0.04,0,0.036666667,0.035118846,0.949157996,0.0949158,-1.044073795,0.854242196,1.138989595
CC DT,0.03,0.1,0,0.043333333,0.051316014,-0.259827921,1.104268664,-0.844440743,1.364096585,1.948709407
CC AO,0.03,0.07,0,0.033333333,0.035118846,-0.0949158,1.044073795,-0.949157996,1.138989595,1.993231791
AO SP,0.05,0.04,0,0.03,0.026457513,0.755928946,0.377964473,-1.133893419,0.377964473,1.511857892
AQ Z,0.05,0.04,0,0.03,0.026457513,0.755928946,0.377964473,-1.133893419,0.377964473,1.511857892
PT CS,0.05,0.04,0,0.03,0.026457513,0.755928946,0.377964473,-1.133893419,0.377964473,1.511857892
CS I,0.05,0.04,0,0.03,0.026457513,0.755928946,0.377964473,-1.133893419,0.377964473,1.511857892
PI DA,0.03,0.07,0,0.033333333,0.035118846,-0.0949158,1.044073795,-0.949157996,1.138989595,1.993231791
DI PP,0.07,0,0,0.023333333,0.040414519,1.154700538,-0.577350269,-0.577350269,1.732050808,0
CS Z,0.03,0.04,0.18,0.083333333,0.083864971,-0.635942907,-0.516703612,1.152646519,0.119239295,1.66935013
PE RG,0.03,0.07,0,0.033333333,0.035118846,-0.0949158,1.044073795,-0.949157996,1.138989595,1.993231791
DA CS,0.05,0,0.18,0.076666667,0.092915732,-0.286998401,-0.825120404,1.112118805,0.538122003,1.937239209
DP VS,0.03,0,0.36,0.13,0.199749844,-0.500626174,-0.650814027,1.151440201,0.150187852,1.802254228
NP PT,0.03,0.07,0,0.033333333,0.035118846,-0.0949158,1.044073795,-0.949157996,1.138989595,1.993231791
NP PD,0,0.07,0.18,0.083333333,0.090737717,-0.918397948,-0.146943672,1.06534162,0.771454276,1.212285291
PR I,0.05,0.04,0,0.03,0.026457513,0.755928946,0.377964473,-1.133893419,0.377964473,1.511857892
CC VA,0.05,0,0.18,0.076666667,0.092915732,-0.286998401,-0.825120404,1.112118805,0.538122003,1.937239209
PI NC,0.05,0.04,0,0.03,0.026457513,0.755928946,0.377964473,-1.133893419,0.377964473,1.511857892
DP Z,0.05,0.04,0,0.03,0.026457513,0.755928946,0.377964473,-1.133893419,0.377964473,1.511857892
DD RG,0.07,0,0,0.023333333,0.040414519,1.154700538,-0.577350269,-0.577350269,1.732050808,0
P0 AQ,0.05,0,0.18,0.076666667,0.092915732,-0.286998401,-0.825120404,1.112118805,0.538122003,1.937239209
AO CS,0,0.04,0.36,0.133333333,0.197315314,-0.675737378,-0.473016165,1.148753543,0.202721214,1.621769708
VM DE,0.03,0.07,0,0.033333333,0.035118846,-0.0949158,1.044073795,-0.949157996,1.138989595,1.993231791
P0 DP,0,0.1,0,0.033333333,0.057735027,-0.577350269,1.154700538,-0.577350269,1.732050808,1.732050808
AQ VA,0.05,0.04,0,0.03,0.026457513,0.755928946,0.377964473,-1.133893419,0.377964473,1.511857892
DD CS,0,0.07,0.18,0.083333333,0.090737717,-0.918397948,-0.146943672,1.06534162,0.771454276,1.212285291
VS VS,0.07,0,0,0.023333333,0.040414519,1.154700538,-0.577350269,-0.577350269,1.732050808,0
AP PT,0.05,0,0,0.016666667,0.028867513,1.154700538,-0.577350269,-0.577350269,1.732050808,0
RN DD,0.05,0,0,0.016666667,0.028867513,1.154700538,-0.577350269,-0.577350269,1.732050808,0
RN DI,0,0.07,0,0.023333333,0.040414519,-0.577350269,1.154700538,-0.577350269,1.732050808,1.732050808
AO VM,0,0.07,0,0.023333333,0.040414519,-0.577350269,1.154700538,-0.577350269,1.732050808,1.732050808
RN CC,0,0.07,0,0.023333333,0.040414519,-0.577350269,1.154700538,-0.577350269,1.732050808,1.732050808
PR PR,0.03,0.04,0,0.023333333,0.02081666,0.320256308,0.800640769,-1.120897077,0.480384461,1.921537846
P0 VS,0.03,0.04,0,0.023333333,0.02081666,0.320256308,0.800640769,-1.120897077,0.480384461,1.921537846
AO PR,0.03,0,0.18,0.07,0.096436508,-0.414780678,-0.725866186,1.140646864,0.311085508,1.866513051
PI DP,0.03,0.04,0,0.023333333,0.02081666,0.320256308,0.800640769,-1.120897077,0.480384461,1.921537846
DD Z,0.03,0.04,0,0.023333333,0.02081666,0.320256308,0.800640769,-1.120897077,0.480384461,1.921537846
DI PI,0.03,0.04,0,0.023333333,0.02081666,0.320256308,0.800640769,-1.120897077,0.480384461,1.921537846
PT DI,0,0.07,0,0.023333333,0.040414519,-0.577350269,1.154700538,-0.577350269,1.732050808,1.732050808
VA AQ,0.03,0.04,0,0.023333333,0.02081666,0.320256308,0.800640769,-1.120897077,0.480384461,1.921537846
VA CC,0,0.07,0,0.023333333,0.040414519,-0.577350269,1.154700538,-0.577350269,1.732050808,1.732050808
PD AQ,0,0,0.36,0.12,0.207846097,-0.577350269,-0.577350269,1.154700538,0,1.732050808
AP DA,0.03,0.04,0,0.023333333,0.02081666,0.320256308,0.800640769,-1.120897077,0.480384461,1.921537846
PI NP,0.05,0,0,0.016666667,0.028867513,1.154700538,-0.577350269,-0.577350269,1.732050808,0
AQ DE,0,0.07,0,0.023333333,0.040414519,-0.577350269,1.154700538,-0.577350269,1.732050808,1.732050808
DI DI,0.03,0.04,0,0.023333333,0.02081666,0.320256308,0.800640769,-1.120897077,0.480384461,1.921537846
Z DI,0.05,0,0,0.016666667,0.028867513,1.154700538,-0.577350269,-0.577350269,1.732050808,0
DI DD,0.05,0,0,0.016666667,0.028867513,1.154700538,-0.577350269,-0.577350269,1.732050808,0
RN NP,0,0.04,0.18,0.073333333,0.094516313,-0.775880177,-0.352672808,1.128552985,0.42320737,1.481225793
DA VS,0.03,0.04,0,0.023333333,0.02081666,0.320256308,0.800640769,-1.120897077,0.480384461,1.921537846
P0 DI,0.05,0,0,0.016666667,0.028867513,1.154700538,-0.577350269,-0.577350269,1.732050808,0
PI VA,0.03,0.04,0,0.023333333,0.02081666,0.320256308,0.800640769,-1.120897077,0.480384461,1.921537846
P0 DD,0.03,0.04,0,0.023333333,0.02081666,0.320256308,0.800640769,-1.120897077,0.480384461,1.921537846
P0 CS,0.05,0,0,0.016666667,0.028867513,1.154700538,-0.577350269,-0.577350269,1.732050808,0
VA CS,0,0.07,0,0.023333333,0.040414519,-0.577350269,1.154700538,-0.577350269,1.732050808,1.732050808
VM AO,0.03,0.04,0,0.023333333,0.02081666,0.320256308,0.800640769,-1.120897077,0.480384461,1.921537846
NP AO,0,0.07,0,0.023333333,0.040414519,-0.577350269,1.154700538,-0.577350269,1.732050808,1.732050808
VA PP,0.03,0,0.18,0.07,0.096436508,-0.414780678,-0.725866186,1.140646864,0.311085508,1.866513051
DA PP,0.05,0,0,0.016666667,0.028867513,1.154700538,-0.577350269,-0.577350269,1.732050808,0
DP DA,0.03,0.04,0,0.023333333,0.02081666,0.320256308,0.800640769,-1.120897077,0.480384461,1.921537846
VA NC,0.03,0,0.18,0.07,0.096436508,-0.414780678,-0.725866186,1.140646864,0.311085508,1.866513051
I DE,0.05,0,0,0.016666667,0.028867513,1.154700538,-0.577350269,-0.577350269,1.732050808,0
I DI,0.03,0.04,0,0.023333333,0.02081666,0.320256308,0.800640769,-1.120897077,0.480384461,1.921537846
PR DD,0.03,0.04,0,0.023333333,0.02081666,0.320256308,0.800640769,-1.120897077,0.480384461,1.921537846
DD CC,0.03,0.04,0,0.023333333,0.02081666,0.320256308,0.800640769,-1.120897077,0.480384461,1.921537846
I DT,0.03,0.04,0,0.023333333,0.02081666,0.320256308,0.800640769,-1.120897077,0.480384461,1.921537846
DI VS,0.03,0.04,0,0.023333333,0.02081666,0.320256308,0.800640769,-1.120897077,0.480384461,1.921537846
P0 RN,0.03,0,0,0.01,0.017320508,1.154700538,-0.577350269,-0.577350269,1.732050808,0
NC PE,0,0.04,0,0.013333333,0.023094011,-0.577350269,1.154700538,-0.577350269,1.732050808,1.732050808
VS DT,0,0.04,0,0.013333333,0.023094011,-0.577350269,1.154700538,-0.577350269,1.732050808,1.732050808
AP PD,0.03,0,0,0.01,0.017320508,1.154700538,-0.577350269,-0.577350269,1.732050808,0
P0 PR,0.03,0,0,0.01,0.017320508,1.154700538,-0.577350269,-0.577350269,1.732050808,0
RN DP,0,0.04,0,0.013333333,0.023094011,-0.577350269,1.154700538,-0.577350269,1.732050808,1.732050808
DE I,0.03,0,0,0.01,0.017320508,1.154700538,-0.577350269,-0.577350269,1.732050808,0
P0 NP,0.03,0,0,0.01,0.017320508,1.154700538,-0.577350269,-0.577350269,1.732050808,0
AP I,0,0.04,0,0.013333333,0.023094011,-0.577350269,1.154700538,-0.577350269,1.732050808,1.732050808
AO PP,0.03,0,0,0.01,0.017320508,1.154700538,-0.577350269,-0.577350269,1.732050808,0
PT DD,0,0.04,0,0.013333333,0.023094011,-0.577350269,1.154700538,-0.577350269,1.732050808,1.732050808
PP PD,0.03,0,0,0.01,0.017320508,1.154700538,-0.577350269,-0.577350269,1.732050808,0
DI PD,0.03,0,0,0.01,0.017320508,1.154700538,-0.577350269,-0.577350269,1.732050808,0
PI PI,0.03,0,0,0.01,0.017320508,1.154700538,-0.577350269,-0.577350269,1.732050808,0
RG Z,0.03,0,0,0.01,0.017320508,1.154700538,-0.577350269,-0.577350269,1.732050808,0
PD Z,0.03,0,0,0.01,0.017320508,1.154700538,-0.577350269,-0.577350269,1.732050808,0
PT PT,0.03,0,0,0.01,0.017320508,1.154700538,-0.577350269,-0.577350269,1.732050808,0
PD I,0.03,0,0,0.01,0.017320508,1.154700538,-0.577350269,-0.577350269,1.732050808,0
AQ DT,0,0.04,0,0.013333333,0.023094011,-0.577350269,1.154700538,-0.577350269,1.732050808,1.732050808
PI RN,0,0.04,0,0.013333333,0.023094011,-0.577350269,1.154700538,-0.577350269,1.732050808,1.732050808
I RN,0.03,0,0,0.01,0.017320508,1.154700538,-0.577350269,-0.577350269,1.732050808,0
RG AP,0,0.04,0,0.013333333,0.023094011,-0.577350269,1.154700538,-0.577350269,1.732050808,1.732050808
DE VS,0,0.04,0,0.013333333,0.023094011,-0.577350269,1.154700538,-0.577350269,1.732050808,1.732050808
DA I,0,0,0.18,0.06,0.103923048,-0.577350269,-0.577350269,1.154700538,0,1.732050808
DP SP,0,0.04,0,0.013333333,0.023094011,-0.577350269,1.154700538,-0.577350269,1.732050808,1.732050808
AP DT,0.03,0,0,0.01,0.017320508,1.154700538,-0.577350269,-0.577350269,1.732050808,0
PR Z,0.03,0,0,0.01,0.017320508,1.154700538,-0.577350269,-0.577350269,1.732050808,0
AP DD,0,0.04,0,0.013333333,0.023094011,-0.577350269,1.154700538,-0.577350269,1.732050808,1.732050808
AP DI,0.03,0,0,0.01,0.017320508,1.154700538,-0.577350269,-0.577350269,1.732050808,0
Z CC,0.03,0,0,0.01,0.017320508,1.154700538,-0.577350269,-0.577350269,1.732050808,0
I VS,0.03,0,0,0.01,0.017320508,1.154700538,-0.577350269,-0.577350269,1.732050808,0
PT NC,0.03,0,0,0.01,0.017320508,1.154700538,-0.577350269,-0.577350269,1.732050808,0
Z CS,0.03,0,0,0.01,0.017320508,1.154700538,-0.577350269,-0.577350269,1.732050808,0
AP AO,0.03,0,0,0.01,0.017320508,1.154700538,-0.577350269,-0.577350269,1.732050808,0
VS VA,0,0,0.18,0.06,0.103923048,-0.577350269,-0.577350269,1.154700538,0,1.732050808
PP Z,0.03,0,0,0.01,0.017320508,1.154700538,-0.577350269,-0.577350269,1.732050808,0
Z DA,0,0,0.18,0.06,0.103923048,-0.577350269,-0.577350269,1.154700538,0,1.732050808
PP DT,0,0.04,0,0.013333333,0.023094011,-0.577350269,1.154700538,-0.577350269,1.732050808,1.732050808
DI AP,0.03,0,0,0.01,0.017320508,1.154700538,-0.577350269,-0.577350269,1.732050808,0
RN PR,0.03,0,0,0.01,0.017320508,1.154700538,-0.577350269,-0.577350269,1.732050808,0
PP AO,0,0.04,0,0.013333333,0.023094011,-0.577350269,1.154700538,-0.577350269,1.732050808,1.732050808
PT VA,0,0.04,0,0.013333333,0.023094011,-0.577350269,1.154700538,-0.577350269,1.732050808,1.732050808
VA DA,0,0.04,0,0.013333333,0.023094011,-0.577350269,1.154700538,-0.577350269,1.732050808,1.732050808
RN PT,0.03,0,0,0.01,0.017320508,1.154700538,-0.577350269,-0.577350269,1.732050808,0
VM AP,0,0.04,0,0.013333333,0.023094011,-0.577350269,1.154700538,-0.577350269,1.732050808,1.732050808
VA DT,0,0.04,0,0.013333333,0.023094011,-0.577350269,1.154700538,-0.577350269,1.732050808,1.732050808
PD P0,0,0.04,0,0.013333333,0.023094011,-0.577350269,1.154700538,-0.577350269,1.732050808,1.732050808
VA SP,0.03,0,0,0.01,0.017320508,1.154700538,-0.577350269,-0.577350269,1.732050808,0
PD PT,0.03,0,0,0.01,0.017320508,1.154700538,-0.577350269,-0.577350269,1.732050808,0
DP DP,0,0.04,0,0.013333333,0.023094011,-0.577350269,1.154700538,-0.577350269,1.732050808,1.732050808
DI Z,0.03,0,0,0.01,0.017320508,1.154700538,-0.577350269,-0.577350269,1.732050808,0
Z NP,0,0,0.18,0.06,0.103923048,-0.577350269,-0.577350269,1.154700538,0,1.732050808
RG PE,0,0.04,0,0.013333333,0.023094011,-0.577350269,1.154700538,-0.577350269,1.732050808,1.732050808
DP CS,0.03,0,0,0.01,0.017320508,1.154700538,-0.577350269,-0.577350269,1.732050808,0
DP DI,0.03,0,0,0.01,0.017320508,1.154700538,-0.577350269,-0.577350269,1.732050808,0
PR AP,0.03,0,0,0.01,0.017320508,1.154700538,-0.577350269,-0.577350269,1.732050808,0
AP VA,0.03,0,0,0.01,0.017320508,1.154700538,-0.577350269,-0.577350269,1.732050808,0
Z RG,0,0.04,0,0.013333333,0.023094011,-0.577350269,1.154700538,-0.577350269,1.732050808,1.732050808
I DA,0,0.04,0,0.013333333,0.023094011,-0.577350269,1.154700538,-0.577350269,1.732050808,1.732050808
Z PR,0,0,0.18,0.06,0.103923048,-0.577350269,-0.577350269,1.154700538,0,1.732050808
VA P0,0,0.04,0,0.013333333,0.023094011,-0.577350269,1.154700538,-0.577350269,1.732050808,1.732050808
DA P0,0.03,0,0,0.01,0.017320508,1.154700538,-0.577350269,-0.577350269,1.732050808,0
Z SP,0.03,0,0,0.01,0.017320508,1.154700538,-0.577350269,-0.577350269,1.732050808,0
NP DT,0.03,0,0,0.01,0.017320508,1.154700538,-0.577350269,-0.577350269,1.732050808,0
NP DE,0,0.04,0,0.013333333,0.023094011,-0.577350269,1.154700538,-0.577350269,1.732050808,1.732050808
